,token,total_tvl,stable,eigenvector_centrality,weighted_degree,weighted_in_degree,weighted_out_degree
0,USDC,1154014.1057033,1.0,0.32109856196805414,73777.31185108061,41359.44159583301,32417.8702552476
1,DAI,3872459.837014734,1.0,0.6709626830069464,140180.73213265432,86424.06160501616,53756.67052763816
2,MKR,581386.4180813296,0.0,0.11700977940760579,25877.932623509605,15071.569015720625,10806.36360778898
3,WBTC,485800.2635967653,0.0,0.059638556589592204,16175.669417032124,7681.807676150293,8493.86174088183
4,LINK,376942.6294280992,0.0,0.080694612093809,17965.639405548467,10393.955287549166,7571.6841179993
5,WETH,11962602.812348705,0.0,0.6311059636923669,316200.58761585044,131845.7879953754,184354.79962047504
6,REP,5453239.759217672,,0.1546251983006238,35072.77702783803,19916.663030695847,15156.113997142178
7,RPL,38759.79930680511,,0.02722931924437854,7150.525158187298,3507.3014095099293,3643.223748677369
8,sXAU,0.0,,-2.7755575615628907e-17,0.0,0.0,0.0
