,token,total_tvl,stable,eigenvector_centrality,weighted_degree,weighted_in_degree,weighted_out_degree
0,USDC,1014230.9999199077,1.0,0.36484215729179437,76613.38422416543,40159.92459050715,36453.45963365828
1,DAI,3835160.7703955406,1.0,0.6159822958819225,121489.07267647327,67804.12311815332,53684.94955831995
2,MKR,561301.3342511504,0.0,0.048934561208058766,13573.642151020053,5386.461648436794,8187.180502583258
3,WBTC,469976.09856079286,0.0,0.14975384615817253,34159.5813168874,16484.12347271763,17675.45784416977
4,LINK,381882.6338934087,0.0,0.06798949715814294,15500.472755671584,7483.929760435427,8016.542995236158
5,WETH,11645456.541326912,0.0,0.6760008067364496,278397.2278659153,136401.75448199557,141995.4733839197
6,REP,5369729.211048826,,0.0293961648751856,14161.96317736017,3235.7767353441536,10926.186442016016
7,RPL,13175.493257288468,,0.013092316884238859,2899.111564337377,1441.1340583252245,1457.9775060121522
8,sXAU,0.0,,-3.3306690738754706e-16,0.0,0.0,0.0
