,token,total_tvl,stable,eigenvector_centrality,weighted_degree,weighted_in_degree,weighted_out_degree
0,USDC,1081885.3851364076,1.0,0.37080783713861065,97454.80242965226,46527.68962872874,50927.112800923525
1,DAI,3819191.160755673,1.0,0.5015592621082215,144927.7528758182,62933.92787451314,81993.82500130506
2,MKR,558226.3326628695,0.0,0.23230898904382688,61835.60365631641,29149.33142622472,32686.27223009169
3,WBTC,464377.9051712418,0.0,0.027735104896474905,7261.8808660459035,3480.1053893611297,3781.7754766847743
4,LINK,377077.15588591015,0.0,0.045730383143860964,11801.814618374357,5738.090893491695,6063.723724882662
5,WETH,11641518.31555929,0.0,0.7424533442081611,362073.34311750054,204775.56302190258,157297.78009559796
6,REP,5303361.666345093,,0.04145260846026144,30141.005762456924,5201.330467077755,24939.67529537917
7,RPL,37398.70960209597,,0.03400877915086559,8650.482908836511,4267.304416200781,4383.1784926357295
8,sXAU,0.0,,0.0,0.0,0.0,0.0
