,token,total_tvl,stable,eigenvector_centrality,weighted_degree,weighted_in_degree,weighted_out_degree
0,USDC,2391945.852732071,1.0,0.2613826635758204,191336.3085568684,102673.41565469951,88662.89290216888
1,DAI,4229256.434989328,1.0,0.5926988467602639,400058.739466059,227155.3045947568,172903.43487130222
2,MKR,3118824.001415158,0.0,0.24716545316382,245999.13701577287,94727.60763011612,151271.52938565673
3,WBTC,519974.98295043135,0.0,0.03063398479576641,20814.106385276602,11740.654103293871,9073.452281982729
4,LINK,567305.6415701961,0.0,0.06558000457974691,43586.92534318987,25133.92087240463,18453.004470785243
5,WETH,16234103.652833786,0.0,0.6875978827135688,1114425.536228055,549887.3905074149,564538.14572064
6,REP,5891079.727374669,,0.09727500262574088,68997.27730836239,37281.214518447625,31716.06278991476
7,RPL,726048.7648071587,,0.17830297388991528,149637.5098212539,68335.65910496394,81301.85071628996
8,sXAU,1210331.753005227,,0.0034664134535600257,6004.467668728179,3494.8369106856308,2509.630758042548
