,token,total_tvl,stable,eigenvector_centrality,weighted_degree,weighted_in_degree,weighted_out_degree
0,USDC,30183.61833332132,1.0,0.05603532630447189,786.36810452752,406.1009769152613,380.2671276122587
1,DAI,57831.38348091129,1.0,0.6888813282949476,10148.878502912605,4992.482400819629,5156.396102092976
2,MKR,34010.4817773618,0.0,0.0034455033326470375,150.7766102933531,24.97035997881026,125.80625031454284
3,WBTC,112104.3509287012,0.0,0.08678709431417209,1082.050460899263,628.966155976673,453.0843049225901
4,LINK,34803.71841622908,0.0,0.08890105550740685,1316.7341171397438,644.2865219377622,672.4475952019816
5,WETH,280842.27675624454,0.0,0.7119269876562352,13563.553866467513,6838.44325313405,6725.110613333463
6,REP,5833.03204945466,,0.0,0.0,0.0,0.0
7,RPL,6075.6917702651845,,0.0039055186871299608,78.74607069502657,28.30419770532716,50.44187298969942
8,sXAU,0.0,,0.0,0.0,0.0,0.0
