,token,total_tvl,stable,eigenvector_centrality,weighted_degree,weighted_in_degree,weighted_out_degree
0,USDC,308720.53259408195,1.0,0.5140159379088227,69932.29391006273,34670.120839444025,35262.17307061871
1,DAI,834528.1844805562,1.0,0.4521609594776383,63420.23675528387,30498.03313053961,32922.20362474426
2,MKR,284372.1196286025,0.0,0.04396723575772115,6445.127340109795,2965.568310776626,3479.5590293331693
3,WBTC,462766.4054624833,0.0,0.12317388174611879,16471.916288019165,8308.017416298142,8163.898871721021
4,LINK,102127.62640217227,0.0,0.03739470595834279,4966.087003477665,2522.2544258174303,2443.832577660235
5,WETH,2047666.324958776,0.0,0.7143709496891689,169311.21247225418,86273.55591146252,83037.65656079166
6,REP,46811.93663213896,,0.011689502199643929,1736.5814698294648,788.4511430976331,948.1303267318316
7,RPL,8339.519758741002,,0.04870623245747281,6338.969705471505,3285.2112948181857,3053.758410653319
8,sXAU,0.0,,5.5511151231257815e-17,0.0,0.0,0.0
