,token,total_tvl,stable,eigenvector_centrality,weighted_degree,weighted_in_degree,weighted_out_degree
0,USDC,1192555.7121193684,1.0,0.251338940874726,137011.02783521934,60822.00107954472,76189.02675567461
1,DAI,4027184.354346415,1.0,0.5909880291175017,341502.10820001096,143014.34715959386,198487.76104041707
2,MKR,595819.403773561,0.0,0.04922714440449161,30636.215325823418,11912.572797882618,18723.6425279408
3,WBTC,513883.0399018608,0.0,0.023763949605997488,12465.383990898932,5750.684567858669,6714.699423040264
4,LINK,424032.8437111453,0.0,0.04639925252069902,23063.557424949417,11228.245719037355,11835.311705912063
5,WETH,12460500.64188528,0.0,0.7591998251314815,640142.9959420846,387941.9188803289,252201.07706175567
6,REP,5671134.845945869,,0.002826524462420058,60877.035866439066,683.9961738772527,60193.03969256181
7,RPL,45868.57051336271,,0.07764402641540723,34587.66729874345,18789.22956396118,15798.437734782268
8,sXAU,9978.12842630036,,6.93889390390723e-18,0.0,0.0,0.0
