,token,total_tvl,stable,eigenvector_centrality,weighted_degree,weighted_in_degree,weighted_out_degree
0,USDC,964352.78050686,1.0,0.39536043904489726,210623.95772661926,110998.04735523458,99625.91037138469
1,DAI,3797214.321580668,1.0,0.6139880264600575,319235.3820148837,172378.07657538846,146857.30543949525
2,MKR,503433.42163274967,0.0,0.0283398499288705,13691.936504385096,7956.456169575842,5735.480334809253
3,WBTC,460081.497098055,0.0,0.011915056751963467,10364.642940968894,3345.1703887969097,7019.472552171983
4,LINK,358874.53117719246,0.0,0.012693094222629483,7876.2372391974695,3563.60559749347,4312.631641703999
5,WETH,11383720.691871127,0.0,0.6819123160137827,608414.229607913,300523.806833369,307890.42277454387
6,REP,5288294.7085918905,,0.019131862443785962,38658.499570554784,5371.299613738107,33287.19995681668
7,RPL,11469.431283712333,,0.015236843430415866,7963.573611303683,4277.767074316492,3685.806536987191
8,sXAU,0.0,,-1.6653345369377346e-16,0.0,0.0,0.0
