,token,total_tvl,stable,eigenvector_centrality,weighted_degree,weighted_in_degree,weighted_out_degree
0,USDC,851913.0402697966,1.0,0.45974932271918956,135615.74615669218,63816.949687900415,71798.79646879177
1,DAI,3779746.6495827753,1.0,0.4768295298357009,139826.57854767173,66187.82151815451,73638.7570295172
2,MKR,365406.5796687863,0.0,0.06236168843405358,19125.173265318128,8656.310159872264,10468.863105445864
3,WBTC,469161.29161423753,0.0,0.12760283171684886,40485.07766127767,17712.312099873547,22772.76556140412
4,LINK,152252.4434799666,0.0,0.039598022896760836,10465.891461128569,5496.528020958935,4969.363440169634
5,WETH,11090795.271353746,0.0,0.7289317752617576,393064.660724501,213447.63037686658,179617.03034763446
6,REP,5460674.482324151,,0.061701903431093594,29871.807459520292,8564.726628895654,21307.08083062464
7,RPL,11640.784414032349,,0.06615161070447605,17674.386172892442,9182.382231979123,8492.003940913319
8,sXAU,0.0,,2.7755575615628907e-17,0.0,0.0,0.0
