,token,total_tvl,stable,eigenvector_centrality,weighted_degree,weighted_in_degree,weighted_out_degree
0,USDC,485633.1626871124,1.0,0.2951011894401684,72622.84847075872,36898.812929536485,35724.035541222234
1,DAI,1144444.284517525,1.0,0.6414455389414307,155962.08325927172,80204.95949469684,75757.12376457488
2,MKR,351300.6151919021,0.0,0.05961014949600887,13188.863312323032,7453.523854402792,5735.339457920241
3,WBTC,466144.3015878248,0.0,0.0739325935840667,18146.55016601296,9244.371211207992,8902.17895480497
4,LINK,112689.3062198798,0.0,0.05327483474720115,11534.237410458587,6661.369833575358,4872.867576883229
5,WETH,8112923.319607697,0.0,0.6951602955200713,284907.60369648645,132766.84068383885,152140.7630126476
6,REP,5544368.463843054,,0.07829019590717787,9813.411737814653,9789.236358132082,24.175379682571453
7,RPL,8343.185560399632,,0.015103343538876218,3639.6093398468147,1888.4893310960647,1751.12000875075
8,sXAU,0.0,,-0.0,0.0,0.0,0.0
