,token,total_tvl,stable,eigenvector_centrality,weighted_degree,weighted_in_degree,weighted_out_degree
0,USDC,1081885.3851364076,1.0,0.3623251485501443,97454.80242965226,50927.112800923525,46527.68962872874
1,DAI,3819191.160755673,1.0,0.5833518373586979,144927.7528758182,81993.82500130506,62933.92787451314
2,MKR,558226.3326628695,0.0,0.23254918235034247,61835.60365631641,32686.27223009169,29149.33142622472
3,WBTC,464377.9051712418,0.0,0.026905753851183548,7261.8808660459035,3781.7754766847743,3480.1053893611297
4,LINK,377077.15588591015,0.0,0.04314086305998683,11801.814618374357,6063.723724882662,5738.090893491695
5,WETH,11641518.31555929,0.0,0.6627979774439862,362073.34311750054,157297.78009559796,204775.56302190258
6,REP,5303361.666345093,,0.1774353789014869,30141.005762456924,24939.67529537917,5201.330467077755
7,RPL,37398.70960209597,,0.031184485259828868,8650.482908836511,4383.1784926357295,4267.304416200781
8,sXAU,0.0,,6.93889390390723e-18,0.0,0.0,0.0
