,token,total_tvl,stable,eigenvector_centrality,weighted_degree,weighted_in_degree,weighted_out_degree
0,USDC,2372919.903976053,1.0,0.15800313693383913,161679.24249444186,66624.57862921838,95054.66386522348
1,DAI,4289168.11561189,1.0,0.5327591164407928,516102.6748012081,204674.6508706484,311428.0239305597
2,MKR,3365858.614467352,0.0,0.14906879049565364,164639.1200624142,57269.03906260697,107370.08099980722
3,WBTC,533522.8260009288,0.0,0.03726279964157957,38721.601221859666,14315.570154961028,24406.03106689864
4,LINK,567086.404382454,0.0,0.12124568756612433,99080.79885284198,46579.99836390616,52500.80048893582
5,WETH,16870598.986188766,0.0,0.7712334631339604,1276929.2564858065,779021.1420793696,497908.114406437
6,REP,6132932.925822848,,0.06591730935780742,143822.28557231568,25324.019548037373,118498.26602427832
7,RPL,791548.9911106115,,0.23182107990061357,163032.11350236656,89060.69765656993,73971.41584579663
8,sXAU,1182438.7951833727,,0.002244072432642352,10148.580021641304,4208.140142130038,5940.439879511267
