,token,total_tvl,stable,eigenvector_centrality,weighted_degree,weighted_in_degree,weighted_out_degree
0,USDC,1468464.1295063486,1.0,0.114372104811303,161614.35006092204,79822.67267164506,81791.67738927697
1,DAI,4054962.4893566296,1.0,0.5602030891625756,756247.6494070545,373828.4595145988,382419.1898924557
2,MKR,728650.759047276,0.0,0.41823864486500995,500745.95011203375,279094.33443696366,221651.6156750701
3,WBTC,514106.4139156043,0.0,0.01744268169604224,25461.91881449323,11639.655250709711,13822.26356378352
4,LINK,481876.73613501247,0.0,0.02136736429337316,31110.41816448213,14258.630543468553,16851.787621013576
5,WETH,12770580.752228092,0.0,0.6972517044014487,1649356.2153875176,810737.5206167583,838618.6947707594
6,REP,5705576.271650545,,0.02118951001927441,41024.87396977386,14139.946818600458,26884.9271511734
7,RPL,59214.98468298312,,0.1039107474237079,140219.47967990884,69340.55771538633,70878.92196452251
8,sXAU,242271.0320663055,,0.0008757955749912338,7068.424821150547,3562.862640537527,3505.56218061302
