,token,total_tvl,stable,eigenvector_centrality,weighted_degree,weighted_in_degree,weighted_out_degree
0,USDC,669639.1457625292,1.0,0.5688963205933792,239957.48692678256,124364.92654122472,115592.56038555784
1,DAI,1139925.0651834123,1.0,0.42855594587538837,172588.70305847615,93685.48678959068,78903.21626888546
2,MKR,342518.332762938,0.0,0.02909947401186941,11064.196977174335,6361.359384605791,4702.837592568545
3,WBTC,446869.03484304296,0.0,0.05916973028549799,25213.72849876449,12934.93892304441,12278.789575720077
4,LINK,117850.91855906324,0.0,0.03482523732986842,15225.937230435575,7613.053425609055,7612.88380482652
5,WETH,7978903.342661567,0.0,0.6867928636041083,513259.59090870793,239742.14969526147,273517.44121344644
6,REP,5253451.18490842,,0.12413484784467999,46487.58887277513,27136.792196700026,19350.796676075104
7,RPL,8649.660642161924,,0.006499707555386758,2721.9493442996354,1420.8839526717445,1301.065391627891
8,sXAU,0.0,,-5.551115123125783e-17,0.0,0.0,0.0
