,token,total_tvl,stable,eigenvector_centrality,weighted_degree,weighted_in_degree,weighted_out_degree
0,USDC,485633.1626871124,1.0,0.29455049513169435,72622.84847075872,35724.035541222234,36898.812929536485
1,DAI,1144444.284517525,1.0,0.6246298318917509,155962.08325927172,75757.12376457488,80204.95949469684
2,MKR,351300.6151919021,0.0,0.04728880854262391,13188.863312323032,5735.339457920241,7453.523854402792
3,WBTC,466144.3015878248,0.0,0.07339991630741279,18146.55016601296,8902.17895480497,9244.371211207992
4,LINK,112689.3062198798,0.0,0.040177587322852266,11534.237410458587,4872.867576883229,6661.369833575358
5,WETH,8112923.319607697,0.0,0.7166805829023094,284907.60369648645,152140.7630126476,132766.84068383888
6,REP,5544368.463843054,,0.0001993299454448039,9813.411737814653,24.175379682571453,9789.236358132082
7,RPL,8343.185560399632,,0.014438269859444424,3639.6093398468147,1751.12000875075,1888.4893310960647
8,sXAU,0.0,,-0.0,0.0,0.0,0.0
