,token,total_tvl,stable,eigenvector_centrality,weighted_degree,weighted_in_degree,weighted_out_degree
0,USDC,851913.0402697966,1.0,0.4841283515000151,135615.74615669218,71798.79646879177,63816.949687900415
1,DAI,3779746.6495827753,1.0,0.49653492538285504,139826.57854767173,73638.7570295172,66187.82151815451
2,MKR,365406.5796687863,0.0,0.07058994978449006,19125.173265318128,10468.863105445864,8656.310159872264
3,WBTC,469161.29161423753,0.0,0.15355329048072577,40485.07766127767,22772.76556140412,17712.312099873547
4,LINK,152252.4434799666,0.0,0.033507660972276636,10465.891461128569,4969.363440169634,5496.528020958935
5,WETH,11090795.271353746,0.0,0.6822525666883889,393064.660724501,179617.03034763446,213447.63037686658
6,REP,5460674.482324151,,0.14367040152673838,29871.807459520292,21307.08083062464,8564.726628895654
7,RPL,11640.784414032349,,0.05726028946227517,17674.386172892442,8492.003940913319,9182.382231979123
8,sXAU,0.0,,0.0,0.0,0.0,0.0
