,token,total_tvl,stable,eigenvector_centrality,weighted_degree,weighted_in_degree,weighted_out_degree
0,USDC,964352.78050686,1.0,0.37826448710141414,210623.95772661926,99625.91037138469,110998.04735523458
1,DAI,3797214.321580668,1.0,0.5575949380244979,319235.3820148837,146857.30543949525,172378.07657538846
2,MKR,503433.42163274967,0.0,0.021776749833846417,13691.936504385096,5735.480334809253,7956.456169575842
3,WBTC,460081.497098055,0.0,0.026651873742199288,10364.642940968894,7019.472552171983,3345.1703887969097
4,LINK,358874.53117719246,0.0,0.016374408925602543,7876.2372391974695,4312.631641703999,3563.60559749347
5,WETH,11383720.691871127,0.0,0.7268987631381282,608414.229607913,307890.42277454387,300523.8068333691
6,REP,5288294.7085918905,,0.1263864548064804,38658.499570554784,33287.19995681668,5371.299613738107
7,RPL,11469.431283712333,,0.013994448974881776,7963.573611303683,3685.806536987191,4277.767074316492
8,sXAU,0.0,,-5.5511151231257815e-17,0.0,0.0,0.0
