,token,total_tvl,stable,eigenvector_centrality,weighted_degree,weighted_in_degree,weighted_out_degree
0,USDC,952683.2916095626,1.0,0.4523821783292722,102544.18642832976,51594.40957250304,50949.77685582671
1,DAI,3835121.5810143375,1.0,0.49661002561775947,115697.20379772066,56638.61727303586,59058.58652468481
2,MKR,502403.6078460716,0.0,0.024774063743064442,11086.617632873242,2825.494134750393,8261.123498122848
3,WBTC,511702.7324153801,0.0,0.05668587090161588,14709.798107262497,6465.051410896292,8244.746696366205
4,LINK,354553.77910464007,0.0,0.06421826751016667,12648.12406464656,7324.124942748016,5323.999121898542
5,WETH,11647792.554731486,0.0,0.7189300987108626,318004.2756815042,171826.43226141864,146177.84342008558
6,REP,5480523.910886121,,0.15020576183699177,53150.17971921788,17131.040893319245,36019.13882589863
7,RPL,10803.651855374068,,0.03681794926828296,8168.165931453599,4199.105192832724,3969.0607386208753
8,sXAU,0.0,,0.0,0.0,0.0,0.0
