,token,total_tvl,stable,eigenvector_centrality,weighted_degree,weighted_in_degree,weighted_out_degree
0,USDC,308720.53259408195,1.0,0.5119640472901199,69932.29391006273,35262.17307061871,34670.120839444025
1,DAI,834528.1844805562,1.0,0.47799052485161503,63420.23675528387,32922.20362474426,30498.03313053961
2,MKR,284372.1196286025,0.0,0.0505189830438047,6445.127340109795,3479.5590293331693,2965.568310776626
3,WBTC,462766.4054624833,0.0,0.11852992439414056,16471.916288019165,8163.898871721021,8308.017416298142
4,LINK,102127.62640217227,0.0,0.0354814893243455,4966.087003477665,2443.832577660235,2522.2544258174303
5,WETH,2047666.324958776,0.0,0.6995728502043843,169311.21247225418,83037.65656079166,86273.55591146252
6,REP,46811.93663213896,,0.013765704072180002,1736.5814698294648,948.1303267318316,788.4511430976331
7,RPL,8339.519758741002,,0.04433687374380768,6338.969705471505,3053.758410653319,3285.2112948181857
8,sXAU,0.0,,0.0,0.0,0.0,0.0
