,token,total_tvl,stable,eigenvector_centrality,weighted_degree,weighted_in_degree,weighted_out_degree
0,USDC,669639.1457625292,1.0,0.559157530977789,239957.48692678256,115592.56038555784,124364.92654122472
1,DAI,1139925.0651834123,1.0,0.38167964657895725,172588.70305847615,78903.21626888546,93685.48678959068
2,MKR,342518.332762938,0.0,0.02274910295333077,11064.196977174335,4702.837592568545,6361.359384605791
3,WBTC,446869.03484304296,0.0,0.059396362877115305,25213.72849876449,12278.789575720077,12934.93892304441
4,LINK,117850.91855906324,0.0,0.03682591074831351,15225.937230435575,7612.88380482652,7613.053425609055
5,WETH,7978903.342661567,0.0,0.7262645758255248,513259.59090870793,273517.44121344644,239742.14969526147
6,REP,5253451.18490842,,0.09360588307549275,46487.58887277513,19350.796676075104,27136.792196700026
7,RPL,8649.660642161924,,0.006293662062651251,2721.9493442996354,1301.065391627891,1420.8839526717445
8,sXAU,0.0,,-5.551115123125783e-17,0.0,0.0,0.0
