,token,total_tvl,stable,eigenvector_centrality,weighted_degree,weighted_in_degree,weighted_out_degree
0,USDC,2391945.852732071,1.0,0.2296939659163445,191336.3085568684,88662.89290216888,102673.41565469951
1,DAI,4229256.434989328,1.0,0.46625297922262016,400058.739466059,172903.43487130222,227155.3045947568
2,MKR,3118824.001415158,0.0,0.4079201856233971,245999.13701577287,151271.52938565673,94727.60763011612
3,WBTC,519974.98295043135,0.0,0.02446755416662285,20814.106385276602,9073.452281982729,11740.654103293871
4,LINK,567305.6415701961,0.0,0.04976054013337576,43586.92534318987,18453.004470785243,25133.92087240463
5,WETH,16234103.652833786,0.0,0.710626388160319,1114425.536228055,564538.14572064,549887.3905074149
6,REP,5891079.727374669,,0.08552582414580963,68997.27730836239,31716.06278991476,37281.214518447625
7,RPL,726048.7648071587,,0.21923931205298802,149637.5098212539,81301.85071628996,68335.65910496394
8,sXAU,1210331.753005227,,0.002187439666720858,6004.467668728179,2509.630758042548,3494.8369106856308
