,token,total_tvl,stable,eigenvector_centrality,weighted_degree,weighted_in_degree,weighted_out_degree
0,USDC,1468464.1295063486,1.0,0.12011700481205828,161614.35006092204,81791.67738927697,79822.67267164506
1,DAI,4054962.4893566296,1.0,0.5871544607297121,756247.6494070545,382419.1898924557,373828.4595145988
2,MKR,728650.759047276,0.0,0.34031695665733813,500745.95011203375,221651.6156750701,279094.33443696366
3,WBTC,514106.4139156043,0.0,0.021222271066312193,25461.91881449323,13822.26356378352,11639.655250709711
4,LINK,481876.73613501247,0.0,0.025873707529505546,31110.41816448213,16851.787621013576,14258.630543468553
5,WETH,12770580.752228092,0.0,0.7143797472945637,1649356.2153875176,838618.6947707594,810737.5206167581
6,REP,5705576.271650545,,0.04127827609185636,41024.87396977386,26884.9271511734,14139.946818600458
7,RPL,59214.98468298312,,0.1088252794397846,140219.47967990884,70878.92196452251,69340.55771538633
8,sXAU,242271.0320663055,,0.0009049940479110841,7068.424821150547,3505.56218061302,3562.862640537527
