,token,total_tvl,stable,eigenvector_centrality,weighted_degree,weighted_in_degree,weighted_out_degree
0,USDC,30183.61833332132,1.0,0.05173376687440591,786.36810452752,380.2671276122587,406.1009769152613
1,DAI,57831.38348091129,1.0,0.7015063214451095,10148.878502912605,5156.396102092976,4992.482400819629
2,MKR,34010.4817773618,0.0,0.01711541901079638,150.7766102933531,125.80625031454284,24.97035997881026
3,WBTC,112104.3509287012,0.0,0.0616402420911281,1082.050460899263,453.0843049225901,628.966155976673
4,LINK,34803.71841622908,0.0,0.09148370868624299,1316.7341171397438,672.4475952019816,644.2865219377622
5,WETH,280842.27675624454,0.0,0.7019285431786718,13563.553866467511,6725.110613333463,6838.443253134049
6,REP,5833.03204945466,,5.5511151231257815e-17,0.0,0.0,0.0
7,RPL,6075.6917702651845,,0.006862407787765255,78.74607069502657,50.44187298969942,28.30419770532716
8,sXAU,0.0,,6.938893903907227e-18,0.0,0.0,0.0
