,token,total_tvl,stable,eigenvector_centrality,weighted_degree,weighted_in_degree,weighted_out_degree
0,USDC,1192555.7121193684,1.0,0.2638782697662384,137011.02783521934,76189.02675567461,60822.00107954472
1,DAI,4027184.354346415,1.0,0.6874560443078347,341502.10820001096,198487.76104041707,143014.34715959386
2,MKR,595819.403773561,0.0,0.0648487400927008,30636.215325823418,18723.6425279408,11912.572797882618
3,WBTC,513883.0399018608,0.0,0.023256147784041028,12465.383990898932,6714.699423040264,5750.684567858669
4,LINK,424032.8437111453,0.0,0.040991225483367526,23063.557424949417,11835.311705912063,11228.245719037355
5,WETH,12460500.64188528,0.0,0.6363092332785777,640142.9959420846,252201.07706175567,387941.91888032894
6,REP,5671134.845945869,,0.20847667757956626,60877.035866439066,60193.03969256181,683.9961738772527
7,RPL,45868.57051336271,,0.05471738637419325,34587.66729874345,15798.437734782268,18789.22956396118
8,sXAU,9978.12842630036,,-0.0,0.0,0.0,0.0
