,token,total_tvl,stable,eigenvector_centrality,weighted_degree,weighted_in_degree,weighted_out_degree
0,USDC,2372919.903976053,1.0,0.19054919698566058,161679.24249444186,95054.66386522348,66624.57862921838
1,DAI,4289168.11561189,1.0,0.6530295209784712,516102.6748012081,311428.0239305597,204674.6508706484
2,MKR,3365858.614467352,0.0,0.22514297742953893,164639.1200624142,107370.08099980722,57269.03906260697
3,WBTC,533522.8260009288,0.0,0.05117670072028021,38721.601221859666,24406.03106689864,14315.570154961028
4,LINK,567086.404382454,0.0,0.11008827067509036,99080.79885284198,52500.80048893582,46579.99836390616
5,WETH,16870598.986188766,0.0,0.6212897055644049,1276929.2564858068,497908.114406437,779021.1420793697
6,REP,6132932.925822848,,0.2484775291637475,143822.28557231568,118498.26602427832,25324.019548037373
7,RPL,791548.9911106115,,0.15510973497571548,163032.11350236656,73971.41584579663,89060.69765656993
8,sXAU,1182438.7951833727,,0.003820381159373165,10148.580021641304,5940.439879511267,4208.140142130038
