,token,total_tvl
0,{'symbol': 'DAI'},4289168.11561189
1,{'symbol': 'USDC'},2372919.9039760535
2,{'symbol': 'MKR'},3365858.6144673517
3,{'symbol': 'REP'},6132932.925822848
4,{'symbol': 'RPL'},791548.9911106115
5,{'symbol': 'WBTC'},533522.8260009288
6,{'symbol': 'LINK'},567086.404382454
7,{'symbol': 'sXAU'},1182438.7951833727
8,{'symbol': 'WETH'},16870598.986188766
