,token,total_tvl
0,{'symbol': 'DAI'},3835121.5810143375
1,{'symbol': 'USDC'},952683.2916095626
2,{'symbol': 'MKR'},502403.6078460716
3,{'symbol': 'REP'},5480523.910886121
4,{'symbol': 'RPL'},10803.651855374068
5,{'symbol': 'WBTC'},511702.73241538013
6,{'symbol': 'LINK'},354553.77910464007
7,{'symbol': 'sXAU'},0.0
8,{'symbol': 'WETH'},11647792.554731486
