,token,total_tvl
0,{'symbol': 'DAI'},3797214.321580668
1,{'symbol': 'USDC'},964352.7805068601
2,{'symbol': 'MKR'},503433.42163274967
3,{'symbol': 'REP'},5288294.7085918905
4,{'symbol': 'RPL'},11469.431283712333
5,{'symbol': 'WBTC'},460081.497098055
6,{'symbol': 'LINK'},358874.53117719246
7,{'symbol': 'sXAU'},0.0
8,{'symbol': 'WETH'},11383720.691871129
