,token,total_tvl
0,{'symbol': 'DAI'},3835160.7703955406
1,{'symbol': 'USDC'},1014230.9999199077
2,{'symbol': 'MKR'},561301.3342511504
3,{'symbol': 'REP'},5369729.211048826
4,{'symbol': 'RPL'},13175.493257288468
5,{'symbol': 'WBTC'},469976.09856079286
6,{'symbol': 'LINK'},381882.6338934087
7,{'symbol': 'sXAU'},0.0
8,{'symbol': 'WETH'},11645456.541326912
