,token,total_tvl
0,{'symbol': 'DAI'},1139925.0651834123
1,{'symbol': 'USDC'},669639.1457625292
2,{'symbol': 'MKR'},342518.332762938
3,{'symbol': 'REP'},5253451.18490842
4,{'symbol': 'RPL'},8649.660642161924
5,{'symbol': 'WBTC'},446869.03484304296
6,{'symbol': 'LINK'},117850.91855906323
7,{'symbol': 'sXAU'},0.0
8,{'symbol': 'WETH'},7978903.342661567
