,token,total_tvl
0,{'symbol': 'DAI'},3779746.6495827753
1,{'symbol': 'USDC'},851913.0402697966
2,{'symbol': 'MKR'},365406.57966878626
3,{'symbol': 'REP'},5460674.482324151
4,{'symbol': 'RPL'},11640.784414032349
5,{'symbol': 'WBTC'},469161.29161423753
6,{'symbol': 'LINK'},152252.4434799666
7,{'symbol': 'sXAU'},0.0
8,{'symbol': 'WETH'},11090795.271353746
