,token,total_tvl
0,{'symbol': 'DAI'},834528.1844805562
1,{'symbol': 'USDC'},308720.53259408195
2,{'symbol': 'MKR'},284372.1196286025
3,{'symbol': 'REP'},46811.93663213896
4,{'symbol': 'RPL'},8339.519758741002
5,{'symbol': 'WBTC'},462766.4054624833
6,{'symbol': 'LINK'},102127.62640217227
7,{'symbol': 'sXAU'},0.0
8,{'symbol': 'WETH'},2047666.3249587761
