,token,total_tvl
0,{'symbol': 'DAI'},4054962.4893566296
1,{'symbol': 'USDC'},1468464.1295063486
2,{'symbol': 'MKR'},728650.759047276
3,{'symbol': 'REP'},5705576.271650545
4,{'symbol': 'RPL'},59214.984682983115
5,{'symbol': 'WBTC'},514106.4139156043
6,{'symbol': 'LINK'},481876.73613501247
7,{'symbol': 'sXAU'},242271.0320663055
8,{'symbol': 'WETH'},12770580.752228092
