,token,total_tvl
0,{'symbol': 'DAI'},57831.38348091129
1,{'symbol': 'USDC'},30183.61833332132
2,{'symbol': 'MKR'},34010.4817773618
3,{'symbol': 'REP'},5833.0320494546595
4,{'symbol': 'RPL'},6075.6917702651845
5,{'symbol': 'WBTC'},112104.3509287012
6,{'symbol': 'LINK'},34803.71841622908
7,{'symbol': 'sXAU'},0.0
8,{'symbol': 'WETH'},280842.27675624454
