,token,total_tvl,stable,eigenvector_centrality,weighted_degree,weighted_in_degree,weighted_out_degree
0,USDC,952683.2916095626,1.0,0.42629355763538207,102544.18642832976,50949.77685582671,51594.40957250304
1,DAI,3835121.5810143375,1.0,0.49413945481580096,115697.20379772066,59058.58652468481,56638.61727303586
2,MKR,502403.6078460716,0.0,0.06912029734782431,11086.617632873242,8261.123498122848,2825.494134750393
3,WBTC,511702.7324153801,0.0,0.06898327368424119,14709.798107262497,8244.746696366205,6465.051410896292
4,LINK,354553.77910464007,0.0,0.04454556362325314,12648.12406464656,5323.999121898542,7324.124942748016
5,WETH,11647792.554731486,0.0,0.6860413750416372,318004.2756815042,146177.84342008558,171826.43226141864
6,REP,5480523.910886121,,0.3013698544059285,53150.17971921788,36019.13882589863,17131.040893319245
7,RPL,10803.651855374068,,0.03320887994319278,8168.165931453599,3969.0607386208753,4199.105192832724
8,sXAU,0.0,,-0.0,0.0,0.0,0.0
